related_place,jeju_data_match_status,data_period,available_months,data_completeness_pct,tourist_arrival_total_available_period,tourist_arrival_monthly_avg,tourist_arrival_latest_202608,jeju_data_note
곽지해수욕장,matched,202509-202608,12,100.0,30260.0,2521.67,5609.0,
광치기해변,matched,202509-202608,12,100.0,9626.0,802.17,963.0,
금능해수욕장,matched,202509-202608,12,100.0,20974.0,1747.83,5094.0,
김녕해수욕장,matched,202509-202608,12,100.0,27305.0,2275.42,5084.0,
동문재래시장,matched,202509-202608,12,100.0,103163.0,8596.92,11190.0,
동백포레스트,matched,202509-202608,11,91.7,9964.0,905.82,3.0,2025-09~2026-08 중 11개월 데이터
바이나흐튼크리스마스박물관,matched,202509-202608,12,100.0,4324.0,360.33,40.0,
비자림,matched,202509-202608,12,100.0,27681.0,2306.75,2863.0,
산방산,matched,202509-202608,12,100.0,17188.0,1432.33,1266.0,
산방산유채꽃밭,matched,202509-202608,12,100.0,7836.0,653.0,35.0,
서귀포매일올레시장,matched,202509-202608,12,100.0,119284.0,9940.33,13899.0,
서귀피안베이커리,matched,202509-202608,12,100.0,7141.0,595.08,689.0,
섭지코지,matched,202509-202608,12,100.0,34059.0,2838.25,3024.0,
성산일출봉,matched,202509-202608,12,100.0,68575.0,5714.58,6425.0,
성산포종합여객터미널,matched,202509-202608,12,100.0,24570.0,2047.5,2858.0,
신창풍차해안도로,matched,202509-202608,12,100.0,17206.0,1433.83,2025.0,
아쿠아플라넷/제주,matched,202509-202608,12,100.0,34454.0,2871.17,4543.0,
연돈,matched,202509-202608,12,100.0,27919.0,2326.58,2902.0,
오는정김밥,matched,202509-202608,12,100.0,23908.0,1992.33,2677.0,
오설록티뮤지엄,matched,202509-202608,12,100.0,47649.0,3970.75,4928.0,
용두암,matched,202509-202608,12,100.0,18227.0,1518.92,1811.0,
용머리해안,matched,202509-202608,12,100.0,31417.0,2618.08,2503.0,
우진해장국/본관,matched,202509-202608,12,100.0,51767.0,4313.92,5852.0,
월정리해변,unmatched,202509-202608,0,0.0,,,,제주 데이터 목적지명 미매칭
이호테우해변,matched,202509-202608,12,100.0,39910.0,3325.83,5704.0,
정방폭포,matched,202509-202608,12,100.0,18575.0,1547.92,1977.0,
제주국제공항,matched,202509-202608,12,100.0,228935.0,19077.92,24601.0,
주상절리대,matched,202509-202608,12,100.0,26753.0,2229.42,2698.0,
천제연폭포,matched,202509-202608,12,100.0,10859.0,904.92,1159.0,
천지연폭포,matched,202509-202608,12,100.0,25826.0,2152.17,3089.0,
카멜리아힐,duplicate_resolved,202509-202608,12,100.0,27077.0,2256.42,689.0,동일 명칭의 비관광시설 기록을 제외하고 동식물원 카테고리 기록으로 정제
판포포구,unmatched,202509-202608,0,0.0,,,,제주 데이터 목적지명 미매칭
함덕해수욕장,matched,202509-202608,12,100.0,60439.0,5036.58,8399.0,
협재해수욕장,matched,202509-202608,12,100.0,54958.0,4579.83,8850.0,
