LINK_ID,sped,baseline_median_speed,baseline_quality,traffic_weight,longitude,latitude,traffic_reference_dt,traffic_reference_time
4050187600,5,11.5,sufficient,0.5652173913043479,126.51958993303172,33.5127146842342,2026100522,2026-10-05 22:00
4050178900,9,24.5,sufficient,0.6326530612244898,126.52488756337058,33.50988166461838,2026100522,2026-10-05 22:00
4050177800,12,19.0,sufficient,0.368421052631579,126.52174974177156,33.50928638190776,2026100522,2026-10-05 22:00
4050028300,19,29.0,sufficient,0.3448275862068966,126.52439132344458,33.511274175785005,2026100522,2026-10-05 22:00
4060042900,6,20.0,sufficient,0.7,126.56786687514324,33.2477115570582,2026100522,2026-10-05 22:00
4050180500,23,26.5,sufficient,0.13207547169811318,126.52669215538984,33.51040174248517,2026100522,2026-10-05 22:00
4060057800,34,35.0,sufficient,0.02857142857142858,126.57205704638746,33.250501372183365,2026100522,2026-10-05 22:00
4060057700,16,20.5,sufficient,0.2195121951219512,126.57166742719664,33.24989983356155,2026100522,2026-10-05 22:00
4050180600,26,28.0,sufficient,0.0714285714285714,126.52673144765772,33.510298635447164,2026100522,2026-10-05 22:00
4060042200,28,41.0,sufficient,0.31707317073170727,126.56677874753908,33.24574832002936,2026100522,2026-10-05 22:00
4060032900,26,33.0,sufficient,0.21212121212121215,126.56483552695458,33.24492812781323,2026100522,2026-10-05 22:00
4060042600,6,28.0,sufficient,0.7857142857142857,126.5677229355236,33.2464335330633,2026100522,2026-10-05 22:00
4060040900,24,25.0,sufficient,0.040000000000000036,126.42339272474248,33.2518118616,2026100522,2026-10-05 22:00
4060078800,5,14.0,sufficient,0.6428571428571428,126.56836443386452,33.2471850285804,2026100522,2026-10-05 22:00
4050187500,33,35.0,sufficient,0.05714285714285716,126.51969930003575,33.512640212218145,2026100522,2026-10-05 22:00
4050182000,19,30.5,sufficient,0.3770491803278688,126.5161715004794,33.51419041951057,2026100522,2026-10-05 22:00
4060058500,38,40.5,sufficient,0.06172839506172845,126.56761290415253,33.25360091263948,2026100522,2026-10-05 22:00
4050191900,25,30.5,sufficient,0.180327868852459,126.52655265785464,33.51303697593319,2026100522,2026-10-05 22:00
4050204900,28,31.0,sufficient,0.09677419354838712,126.52472117865304,33.51617876030504,2026100522,2026-10-05 22:00
4050201600,28,31.5,sufficient,0.11111111111111116,126.529728836036,33.51570374297828,2026100522,2026-10-05 22:00
4050200500,27,27.5,sufficient,0.018181818181818188,126.52897869785326,33.5145791951963,2026100522,2026-10-05 22:00
4050167800,19,28.5,sufficient,0.33333333333333337,126.51993482032206,33.50785994132136,2026100522,2026-10-05 22:00
4050192300,25,30.5,sufficient,0.180327868852459,126.5250459468564,33.51307339334483,2026100522,2026-10-05 22:00
4050182500,24,33.5,sufficient,0.28358208955223885,126.51770637498733,33.511639373287395,2026100522,2026-10-05 22:00
4060098100,15,22.0,sufficient,0.31818181818181823,126.41488293449032,33.25670724101783,2026100522,2026-10-05 22:00
4060078500,28,28.5,sufficient,0.01754385964912286,126.566093105544,33.24543939866102,2026100522,2026-10-05 22:00
4050386000,53,58.0,sufficient,0.08620689655172409,126.18233990319985,33.33981200354879,2026100522,2026-10-05 22:00
4050060601,36,40.0,sufficient,0.09999999999999998,126.45570436958216,33.49397757269087,2026100522,2026-10-05 22:00
4050181602,27,28.0,sufficient,0.0357142857142857,126.53032762139816,33.511307756909574,2026100522,2026-10-05 22:00
4050181601,26,28.0,sufficient,0.0714285714285714,126.5281021214144,33.51071294346679,2026100522,2026-10-05 22:00
4050387600,36,45.5,sufficient,0.20879120879120883,126.183820539043,33.344348163221035,2026100522,2026-10-05 22:00
4060142602,25,27.0,sufficient,0.07407407407407407,126.56170704880572,33.24852562202965,2026100522,2026-10-05 22:00
4060142601,25,27.0,sufficient,0.07407407407407407,126.56127356222142,33.25105815416212,2026100522,2026-10-05 22:00
4060525800,31,31.5,sufficient,0.015873015873015928,126.93377274228448,33.46376908734184,2026100522,2026-10-05 22:00
4060271300,35,37.0,sufficient,0.05405405405405406,126.91944594036543,33.43943720948748,2026100522,2026-10-05 22:00
4050373500,40,45.0,sufficient,0.11111111111111116,126.28572857103748,33.30466486937932,2026100522,2026-10-05 22:00
4050193002,29,31.0,sufficient,0.06451612903225812,126.52481495083155,33.51521219572458,2026100522,2026-10-05 22:00
4050193001,29,31.0,sufficient,0.06451612903225812,126.52477528165912,33.51401802157927,2026100522,2026-10-05 22:00
4060519200,23,33.0,sufficient,0.303030303030303,126.91918395493713,33.449670856547144,2026100522,2026-10-05 22:00
4060418000,51,52.0,sufficient,0.019230769230769273,126.28785164705526,33.30543094778362,2026100522,2026-10-05 22:00
4060040700,37,38.0,sufficient,0.02631578947368418,126.41400716658308,33.25487782310904,2026100522,2026-10-05 22:00
4060040800,19,27.5,sufficient,0.3090909090909091,126.41362498159084,33.253799565435415,2026100522,2026-10-05 22:00
4050374800,51,52.0,sufficient,0.019230769230769273,126.28518789650602,33.30659105287269,2026100522,2026-10-05 22:00
4050181201,21,23.0,sufficient,0.08695652173913049,126.51367755224078,33.51103074760606,2026100522,2026-10-05 22:00
4050387200,52,53.5,sufficient,0.028037383177570097,126.18250822362558,33.34210447112532,2026100522,2026-10-05 22:00
4050181402,18,25.5,sufficient,0.2941176470588235,126.51512201861676,33.51063623268688,2026100522,2026-10-05 22:00
4050180303,30,31.0,sufficient,0.032258064516129004,126.51973393452651,33.51151830612017,2026100522,2026-10-05 22:00
4050192902,7,14.0,sufficient,0.5,126.52464613908248,33.51402021896716,2026100522,2026-10-05 22:00
4050192901,7,14.0,sufficient,0.5,126.52468598540364,33.51521889634946,2026100522,2026-10-05 22:00
4060077503,26,29.5,sufficient,0.11864406779661019,126.56213243151736,33.244786248398746,2026100522,2026-10-05 22:00
4060077502,22,25.0,sufficient,0.12,126.5620202618818,33.24724902168724,2026100522,2026-10-05 22:00
4060530500,32,33.0,sufficient,0.030303030303030276,126.93012698574329,33.4705486937561,2026100522,2026-10-05 22:00
4050406400,46,49.0,sufficient,0.061224489795918324,126.1978530462068,33.363894973092926,2026100522,2026-10-05 22:00
4060520300,39,44.0,sufficient,0.11363636363636365,126.9205551955628,33.44994136790621,2026100522,2026-10-05 22:00
4050495500,27,27.5,sufficient,0.018181818181818188,126.30623749304677,33.447175212582906,2026100522,2026-10-05 22:00
4060538201,45,46.0,sufficient,0.021739130434782594,126.428320331281,33.24048740748452,2026100522,2026-10-05 22:00
4050618001,21,28.5,sufficient,0.26315789473684215,126.49645374817732,33.50255328562954,2026100522,2026-10-05 22:00
4060031302,30,34.5,sufficient,0.13043478260869568,126.56385559778349,33.24468112936109,2026100522,2026-10-05 22:00
4050060506,33,40.0,sufficient,0.17500000000000004,126.45725740900616,33.4915502899438,2026100522,2026-10-05 22:00
4050060502,19,37.5,sufficient,0.4933333333333333,126.45585744421446,33.49396603341819,2026100522,2026-10-05 22:00
4050181502,23,26.5,sufficient,0.13207547169811318,126.52806115160436,33.510815539932,2026100522,2026-10-05 22:00
4050181501,29,30.0,sufficient,0.033333333333333326,126.53027873074596,33.511408151474,2026100522,2026-10-05 22:00
4050180404,8,23.0,sufficient,0.6521739130434783,126.51968638228792,33.511015255406534,2026100522,2026-10-05 22:00
4050180403,36,39.0,sufficient,0.07692307692307687,126.51938663994363,33.51201962479852,2026100522,2026-10-05 22:00
4050180402,5,17.5,sufficient,0.7142857142857143,126.5197236846244,33.51034865878458,2026100522,2026-10-05 22:00
4060428000,40,49.5,sufficient,0.19191919191919193,126.32918522808802,33.30969828076652,2026100522,2026-10-05 22:00
4060077603,16,19.5,sufficient,0.17948717948717952,126.56196613161792,33.24576817276414,2026100522,2026-10-05 22:00
4060532801,26,28.0,sufficient,0.0714285714285714,126.92729653942064,33.43136680233558,2026100522,2026-10-05 22:00
4050176502,14,15.0,sufficient,0.06666666666666665,126.51501939911454,33.50976412414309,2026100522,2026-10-05 22:00
4050176501,14,15.0,sufficient,0.06666666666666665,126.51604102757275,33.50890006813273,2026100522,2026-10-05 22:00
4050619001,18,20.0,sufficient,0.09999999999999998,126.49624177350417,33.504796413126634,2026100522,2026-10-05 22:00
4050022202,45,47.0,sufficient,0.04255319148936165,126.46094314055604,33.49500006462052,2026100522,2026-10-05 22:00
4050191202,25,38.0,sufficient,0.3421052631578947,126.5294855272609,33.51290799902239,2026100522,2026-10-05 22:00
4050191201,25,30.0,sufficient,0.16666666666666663,126.5282846843743,33.512964496510364,2026100522,2026-10-05 22:00
4060048600,41,43.5,sufficient,0.05747126436781613,126.425859840868,33.2423123151495,2026100522,2026-10-05 22:00
4050176203,11,24.0,sufficient,0.5416666666666667,126.52614488557266,33.50888910422061,2026100522,2026-10-05 22:00
4050176202,16,24.0,sufficient,0.33333333333333337,126.52619982788984,33.50961148024759,2026100522,2026-10-05 22:00
4050176201,18,24.0,sufficient,0.25,126.5262095154973,33.51008155895491,2026100522,2026-10-05 22:00
4060118000,26,28.5,sufficient,0.08771929824561409,126.4269325488806,33.24185051806799,2026100522,2026-10-05 22:00
4050263800,18,22.5,sufficient,0.19999999999999996,126.6725601316641,33.54339660473359,2026100522,2026-10-05 22:00
4050602300,10,17.0,sufficient,0.4117647058823529,126.6705704967718,33.54125974639032,2026100522,2026-10-05 22:00
4050418500,24,26.5,sufficient,0.09433962264150941,126.2329491208636,33.385805912002745,2026100522,2026-10-05 22:00
4060509700,34,34.5,sufficient,0.01449275362318836,126.9238849158902,33.435319319153564,2026100522,2026-10-05 22:00
4060043202,38,40.5,sufficient,0.06172839506172845,126.57248873643314,33.24617871111746,2026100522,2026-10-05 22:00
4060043201,39,42.5,sufficient,0.08235294117647063,126.57530647769008,33.24692892760672,2026100522,2026-10-05 22:00
4050274800,14,34.0,sufficient,0.5882352941176471,126.66479757211415,33.541702865852855,2026100522,2026-10-05 22:00
4060031200,33,35.0,sufficient,0.05714285714285716,126.56077247788404,33.24571569044813,2026100522,2026-10-05 22:00
4050198700,16,22.0,sufficient,0.2727272727272727,126.52055394610326,33.514478293165766,2026100522,2026-10-05 22:00
4050205904,8,21.0,sufficient,0.6190476190476191,126.5068373059088,33.51632564206684,2026100522,2026-10-05 22:00
4050205902,21,21.5,sufficient,0.023255813953488413,126.50790475423273,33.51630164879931,2026100522,2026-10-05 22:00
4050340300,12,17.5,sufficient,0.3142857142857143,126.5290910057945,33.511302654409484,2026100522,2026-10-05 22:00
4050182800,23,31.0,sufficient,0.25806451612903225,126.51720064691608,33.514250835557924,2026100522,2026-10-05 22:00
4050176103,5,22.0,sufficient,0.7727272727272727,126.52633788350563,33.51009343714404,2026100522,2026-10-05 22:00
4050176101,4,22.0,sufficient,0.8181818181818181,126.52627376656352,33.50888235529865,2026100522,2026-10-05 22:00
4050602200,10,16.0,sufficient,0.375,126.66996732409368,33.54088364958489,2026100522,2026-10-05 22:00
4060043600,30,30.5,sufficient,0.016393442622950838,126.57501385334665,33.24559937914256,2026100522,2026-10-05 22:00
4060031602,17,19.0,sufficient,0.10526315789473684,126.56320698327129,33.24327681022323,2026100522,2026-10-05 22:00
4050190302,5,11.5,sufficient,0.5652173913043479,126.5072049454205,33.51294402971075,2026100522,2026-10-05 22:00
4060098607,22,23.0,sufficient,0.04347826086956519,126.42346282872118,33.25258432073195,2026100522,2026-10-05 22:00
4060031501,18,28.0,sufficient,0.3571428571428571,126.56333914470822,33.243361078409905,2026100522,2026-10-05 22:00
4050205700,24,25.5,sufficient,0.05882352941176472,126.52206227588904,33.515778632774804,2026100522,2026-10-05 22:00
4050190200,13,17.5,sufficient,0.2571428571428571,126.51988599563325,33.51354068848417,2026100522,2026-10-05 22:00
4050388000,29,31.5,sufficient,0.07936507936507942,126.18269696884032,33.34443376146985,2026100522,2026-10-05 22:00
4050175400,19,20.0,sufficient,0.050000000000000044,126.52588689387449,33.50847079504467,2026100522,2026-10-05 22:00
4060078900,17,19.0,sufficient,0.10526315789473684,126.56842784457254,33.25197605196665,2026100522,2026-10-05 22:00
4050551700,18,24.5,sufficient,0.26530612244897955,126.81052074288044,33.492230509634275,2026100522,2026-10-05 22:00
4050420500,35,37.5,sufficient,0.06666666666666665,126.23114667536647,33.386629904385295,2026100522,2026-10-05 22:00
4050406200,18,27.0,sufficient,0.33333333333333337,126.20105909356826,33.36378090749388,2026100522,2026-10-05 22:00
4050601500,5,19.5,sufficient,0.7435897435897436,126.66981328072096,33.54068615271521,2026100522,2026-10-05 22:00
4050599600,7,21.0,sufficient,0.6666666666666667,126.6694024803657,33.54054340919647,2026100522,2026-10-05 22:00
4050175300,17,20.0,sufficient,0.15000000000000002,126.52463300753702,33.50786502328041,2026100522,2026-10-05 22:00
4060509800,11,36.0,sufficient,0.6944444444444444,126.9237398704568,33.43530481250962,2026100522,2026-10-05 22:00
4050551600,14,21.5,sufficient,0.34883720930232553,126.81068536104296,33.49144010076813,2026100522,2026-10-05 22:00
4060142900,35,37.0,sufficient,0.05405405405405406,126.55770236349936,33.24684268419407,2026100522,2026-10-05 22:00
4050601400,21,22.0,sufficient,0.045454545454545414,126.66998393085674,33.54073944217895,2026100522,2026-10-05 22:00
4060079200,14,15.0,sufficient,0.06666666666666665,126.5683762281045,33.25265697005379,2026100522,2026-10-05 22:00
4050405500,42,42.5,sufficient,0.0117647058823529,126.20564372297726,33.36627084983196,2026100522,2026-10-05 22:00
4060143202,26,28.5,sufficient,0.08771929824561409,126.55664401064108,33.24764454558872,2026100522,2026-10-05 22:00
4060143201,21,24.5,sufficient,0.1428571428571429,126.56117937251769,33.24764945135103,2026100522,2026-10-05 22:00
4060059500,24,26.5,sufficient,0.09433962264150941,126.57220843827434,33.25140102967149,2026100522,2026-10-05 22:00
4050181802,22,22.5,sufficient,0.022222222222222254,126.51303795759132,33.51184815881419,2026100522,2026-10-05 22:00
4050181801,20,20.5,sufficient,0.024390243902439046,126.513465487905,33.51154819110029,2026100522,2026-10-05 22:00
4060304600,24,33.5,sufficient,0.28358208955223885,126.30900481144698,33.23700326943658,2026100522,2026-10-05 22:00
4060043102,14,22.5,sufficient,0.37777777777777777,126.56935376514956,33.24480940007585,2026100522,2026-10-05 22:00
4060043101,11,25.0,sufficient,0.56,126.5684276013344,33.24483738328183,2026100522,2026-10-05 22:00
4050198600,18,19.0,sufficient,0.052631578947368474,126.51946341275242,33.515318192575954,2026100522,2026-10-05 22:00
4050205300,8,15.0,sufficient,0.4666666666666667,126.51944877612776,33.51594389638318,2026100522,2026-10-05 22:00
4060200100,42,44.0,sufficient,0.045454545454545414,126.31366516763264,33.23629395222524,2026100522,2026-10-05 22:00
4050204800,21,22.5,sufficient,0.06666666666666665,126.52443591105914,33.515641066209284,2026100522,2026-10-05 22:00
4060079000,5,10.5,sufficient,0.5238095238095238,126.5684225023992,33.25209398486357,2026100522,2026-10-05 22:00
4050200400,15,16.0,sufficient,0.0625,126.52867449926435,33.514562338150384,2026100522,2026-10-05 22:00
4050600700,18,21.0,sufficient,0.1428571428571429,126.67177375972648,33.539942207665675,2026100522,2026-10-05 22:00
4060143102,16,19.0,sufficient,0.1578947368421053,126.55739548347692,33.24752972228221,2026100522,2026-10-05 22:00
4060274300,28,31.0,sufficient,0.09677419354838712,126.91963305947624,33.43672851612968,2026100522,2026-10-05 22:00
4050317300,5,8.5,sufficient,0.4117647058823529,126.52880295945111,33.51170629243405,2026100522,2026-10-05 22:00
4060304500,30,40.0,sufficient,0.25,126.30945762206092,33.23700978765994,2026100522,2026-10-05 22:00
4060043002,6,30.0,sufficient,0.8,126.56843264744366,33.244955318898484,2026100522,2026-10-05 22:00
4060043001,22,24.5,sufficient,0.10204081632653061,126.56942012877003,33.24492548302004,2026100522,2026-10-05 22:00
4050424500,27,28.5,sufficient,0.052631578947368474,126.23869238477076,33.39158977935929,2026100522,2026-10-05 22:00
4050601100,2,10.0,sufficient,0.8,126.6730351531848,33.54143870227219,2026100522,2026-10-05 22:00
4060042502,17,18.0,sufficient,0.05555555555555558,126.56774336367768,33.245196806307106,2026100522,2026-10-05 22:00
4060097600,23,35.5,sufficient,0.352112676056338,126.41513433332972,33.25041566212059,2026100522,2026-10-05 22:00
4050200300,16,17.0,sufficient,0.05882352941176472,126.52874411448772,33.51465345925449,2026100522,2026-10-05 22:00
4050317200,12,16.0,sufficient,0.25,126.52892642016944,33.51173805928544,2026100522,2026-10-05 22:00
4060078400,23,34.5,sufficient,0.33333333333333337,126.56745619384571,33.24494041809295,2026100522,2026-10-05 22:00
4050205102,5,25.5,sufficient,0.803921568627451,126.52105795785664,33.5156803849645,2026100522,2026-10-05 22:00
4060042401,19,36.0,sufficient,0.4722222222222222,126.5678728686146,33.24519879349303,2026100522,2026-10-05 22:00
4060085500,30,31.0,sufficient,0.032258064516129004,126.57136411536884,33.25253828196458,2026100522,2026-10-05 22:00
4060041900,28,31.0,sufficient,0.09677419354838712,126.56639327424148,33.245143092222,2026100522,2026-10-05 22:00
4050609700,29,29.5,sufficient,0.016949152542372836,126.8004395042872,33.55186232820703,2026100522,2026-10-05 22:00
4050342900,7,39.0,sufficient,0.8205128205128205,126.5289486490988,33.51325065859653,2026100522,2026-10-05 22:00
4060078300,10,31.0,sufficient,0.6774193548387097,126.56748708825688,33.24505481782984,2026100522,2026-10-05 22:00
4050423800,8,15.5,sufficient,0.4838709677419355,126.23453783152166,33.389170403142266,2026100522,2026-10-05 22:00
4050142702,24,28.0,sufficient,0.1428571428571429,126.45739903029312,33.49781999563563,2026100522,2026-10-05 22:00
4050604800,7,13.0,sufficient,0.46153846153846156,126.66916025773034,33.54259916933763,2026100522,2026-10-05 22:00
4060274000,12,22.5,sufficient,0.4666666666666667,126.92119206701712,33.436629838123736,2026100522,2026-10-05 22:00
4060041800,18,20.5,sufficient,0.12195121951219512,126.56649248498724,33.24524446614018,2026100522,2026-10-05 22:00
4060084900,11,29.0,sufficient,0.6206896551724138,126.57085275283356,33.25230879630113,2026100522,2026-10-05 22:00
4050609600,33,34.0,sufficient,0.02941176470588236,126.79807366518662,33.550844777281746,2026100522,2026-10-05 22:00
4050342800,10,10.5,sufficient,0.04761904761904767,126.528806837336,33.51354220512287,2026100522,2026-10-05 22:00
4060510500,25,26.0,sufficient,0.038461538461538436,126.92146848630225,33.43812562771756,2026100522,2026-10-05 22:00
4060303700,31,33.5,sufficient,0.07462686567164178,126.3100025868432,33.235926008324775,2026100522,2026-10-05 22:00
4060041700,29,31.0,sufficient,0.06451612903225812,126.56842975773368,33.24349615124469,2026100522,2026-10-05 22:00
4060084800,14,15.0,sufficient,0.06666666666666665,126.57073133772111,33.25230469882297,2026100522,2026-10-05 22:00
4050611800,9,41.0,sufficient,0.7804878048780488,126.80244869378012,33.55248965836962,2026100522,2026-10-05 22:00
4050605100,3,11.0,sufficient,0.7272727272727273,126.66756801349676,33.54271926670861,2026100522,2026-10-05 22:00
4060303600,26,30.0,sufficient,0.1333333333333333,126.30774260770016,33.23629115253,2026100522,2026-10-05 22:00
4060042100,10,13.5,sufficient,0.2592592592592593,126.56609396364622,33.24703170629188,2026100522,2026-10-05 22:00
4060227500,29,30.0,sufficient,0.033333333333333326,126.56831461577296,33.24627732788702,2026100522,2026-10-05 22:00
4050134900,24,25.0,sufficient,0.040000000000000036,126.45381304069748,33.49745727289294,2026100522,2026-10-05 22:00
4060139402,27,28.0,sufficient,0.0357142857142857,126.5563622487128,33.24363538806098,2026100522,2026-10-05 22:00
4050604600,3,17.0,sufficient,0.8235294117647058,126.67010820206248,33.54258742243504,2026100522,2026-10-05 22:00
4060084700,6,19.5,sufficient,0.6923076923076923,126.57082778121222,33.25274071492895,2026100522,2026-10-05 22:00
4050180702,10,13.5,sufficient,0.2592592592592593,126.52543099963044,33.51225682615634,2026100522,2026-10-05 22:00
4050180701,18,18.5,sufficient,0.027027027027026973,126.52578135618296,33.51075920910655,2026100522,2026-10-05 22:00
4060510800,33,33.5,sufficient,0.014925373134328401,126.917044997649,33.437740530579966,2026100522,2026-10-05 22:00
4060042000,15,16.5,sufficient,0.09090909090909094,126.5659710818665,33.24699879974002,2026100522,2026-10-05 22:00
4050339800,11,11.5,sufficient,0.04347826086956519,126.5284654588278,33.51179638282457,2026100522,2026-10-05 22:00
4060085100,26,28.5,sufficient,0.08771929824561409,126.57107712426058,33.25216482796257,2026100522,2026-10-05 22:00
4060511200,12,28.5,sufficient,0.5789473684210527,126.918245060224,33.438899309096115,2026100522,2026-10-05 22:00
4050334900,17,46.0,sufficient,0.6304347826086957,126.50814768604693,33.5125571974602,2026100522,2026-10-05 22:00
4060510700,30,34.5,sufficient,0.13043478260869568,126.9171643933526,33.43776781514786,2026100522,2026-10-05 22:00
4060227300,27,29.5,sufficient,0.0847457627118644,126.56888587931786,33.24532919146517,2026100522,2026-10-05 22:00
4060077401,5,18.0,sufficient,0.7222222222222222,126.55962569913302,33.246638883720614,2026100522,2026-10-05 22:00
4060511100,10,17.5,sufficient,0.4285714285714286,126.91825713034116,33.43878183787103,2026100522,2026-10-05 22:00
4050598100,6,25.0,sufficient,0.76,126.66947388435796,33.53925119313329,2026100522,2026-10-05 22:00
4050492700,27,27.5,sufficient,0.018181818181818188,126.3077966748328,33.447444927678475,2026100522,2026-10-05 22:00
4050339600,13,13.5,sufficient,0.03703703703703709,126.52593217577008,33.51147258749026,2026100522,2026-10-05 22:00
4060227200,28,31.0,sufficient,0.09677419354838712,126.5687561440875,33.245311873272264,2026100522,2026-10-05 22:00
4060077302,10,19.0,sufficient,0.4736842105263158,126.56041775514424,33.247135014459474,2026100522,2026-10-05 22:00
4060077301,13,17.0,sufficient,0.23529411764705888,126.56118095845513,33.24748712653576,2026100522,2026-10-05 22:00
4060139100,13,22.5,sufficient,0.4222222222222223,126.55406151221248,33.2447533424525,2026100522,2026-10-05 22:00
4050603800,12,23.0,sufficient,0.4782608695652174,126.66348354376532,33.542778130080656,2026100522,2026-10-05 22:00
4060510000,20,25.5,sufficient,0.21568627450980393,126.91490583137988,33.435723652996515,2026100522,2026-10-05 22:00
4060137600,27,28.0,sufficient,0.0357142857142857,126.56156268265224,33.24248613065528,2026100522,2026-10-05 22:00
4060083900,29,30.5,sufficient,0.049180327868852514,126.56975494178252,33.252301041629146,2026100522,2026-10-05 22:00
4050554400,22,32.5,sufficient,0.32307692307692304,126.8094392392997,33.494184157366995,2026100522,2026-10-05 22:00
4050177600,10,12.0,sufficient,0.16666666666666663,126.51201481883632,33.51166657863556,2026100522,2026-10-05 22:00
4050603700,18,18.5,sufficient,0.027027027027026973,126.66536545070308,33.541865686266426,2026100522,2026-10-05 22:00
4050184701,11,16.0,sufficient,0.3125,126.5126114472626,33.51246200227348,2026100522,2026-10-05 22:00
4060058000,20,32.0,sufficient,0.375,126.57200356196864,33.24891812995846,2026100522,2026-10-05 22:00
4060241300,22,42.0,sufficient,0.47619047619047616,126.56819628929247,33.24555484506547,2026100522,2026-10-05 22:00
4060510400,23,23.5,sufficient,0.021276595744680882,126.91676845020665,33.43634140081873,2026100522,2026-10-05 22:00
4050277600,12,17.5,sufficient,0.3142857142857143,126.7573381656568,33.55766639099061,2026100522,2026-10-05 22:00
4060303100,26,26.5,sufficient,0.018867924528301883,126.30858818463288,33.23495394216892,2026100522,2026-10-05 22:00
4050423100,15,19.0,sufficient,0.21052631578947367,126.23315216897446,33.38857594329592,2026100522,2026-10-05 22:00
4050604100,6,15.0,sufficient,0.6,126.67078100086007,33.54229591951371,2026100522,2026-10-05 22:00
4060084200,14,16.5,sufficient,0.1515151515151515,126.57024210769194,33.2529070391644,2026100522,2026-10-05 22:00
4050184600,12,13.5,sufficient,0.11111111111111116,126.51203123838404,33.51224214690694,2026100522,2026-10-05 22:00
4050180200,15,16.0,sufficient,0.0625,126.52376617986448,33.51140773215892,2026100522,2026-10-05 22:00
4060241200,11,14.0,sufficient,0.2142857142857143,126.5681709432034,33.24566227495873,2026100522,2026-10-05 22:00
4060083700,8,15.0,sufficient,0.4666666666666667,126.5702434498598,33.2524631783079,2026100522,2026-10-05 22:00
4050554200,31,34.0,sufficient,0.08823529411764708,126.811114063433,33.493654635760905,2026100522,2026-10-05 22:00
4050173000,23,23.5,sufficient,0.021276595744680882,126.52645847838956,33.50800502079539,2026100522,2026-10-05 22:00
4060084100,16,18.0,sufficient,0.11111111111111116,126.56977905051193,33.2527497932003,2026100522,2026-10-05 22:00
4050596800,21,27.0,sufficient,0.2222222222222222,126.66999993954998,33.53856263186187,2026100522,2026-10-05 22:00
4060526600,10,11.0,sufficient,0.09090909090909094,126.93535730835433,33.462733923838016,2026100522,2026-10-05 22:00
4050180100,12,16.0,sufficient,0.25,126.52036745247771,33.51031590928757,2026100522,2026-10-05 22:00
4050277400,12,13.5,sufficient,0.11111111111111116,126.75555559831732,33.5568869374466,2026100522,2026-10-05 22:00
4060083600,3,18.0,sufficient,0.8333333333333334,126.57024320097608,33.25258123926449,2026100522,2026-10-05 22:00
4050339200,15,43.0,sufficient,0.6511627906976745,126.5267726100728,33.510288325242094,2026100522,2026-10-05 22:00
4060527000,15,24.5,sufficient,0.3877551020408163,126.93519113300697,33.46572831566739,2026100522,2026-10-05 22:00
4060033300,15,17.5,sufficient,0.1428571428571429,126.5624973816405,33.24767247748643,2026100522,2026-10-05 22:00
4060302400,10,20.5,sufficient,0.5121951219512195,126.31084628028694,33.23355056158484,2026100522,2026-10-05 22:00
4050596700,24,30.0,sufficient,0.19999999999999996,126.67036383151672,33.53817657080491,2026100522,2026-10-05 22:00
4060296100,18,27.0,sufficient,0.33333333333333337,126.3085140454844,33.233986320240746,2026100522,2026-10-05 22:00
4060083500,25,30.0,sufficient,0.16666666666666663,126.57024282959938,33.25214256405645,2026100522,2026-10-05 22:00
4050602900,19,20.0,sufficient,0.050000000000000044,126.66781002990112,33.54129440925906,2026100522,2026-10-05 22:00
4050189200,17,31.0,sufficient,0.4516129032258065,126.50870285329574,33.51285935331446,2026100522,2026-10-05 22:00
4060071500,39,39.5,sufficient,0.012658227848101222,126.554662609812,33.24772482792106,2026100522,2026-10-05 22:00
4060302300,38,39.0,sufficient,0.02564102564102566,126.30687384649788,33.23441169419321,2026100522,2026-10-05 22:00
4050603300,12,20.5,sufficient,0.41463414634146345,126.66694919221874,33.54157427989953,2026100522,2026-10-05 22:00
4060082900,16,17.0,sufficient,0.05882352941176472,126.56905647248792,33.25278340832968,2026100522,2026-10-05 22:00
4050338500,4,8.0,sufficient,0.5,126.51937903145544,33.51038995001934,2026100522,2026-10-05 22:00
4050615200,31,34.5,sufficient,0.10144927536231885,126.75922238225316,33.55639489701271,2026100522,2026-10-05 22:00
4060271500,12,14.0,sufficient,0.1428571428571429,126.93361836911588,33.47190922933017,2026100522,2026-10-05 22:00
4060118401,50,51.0,sufficient,0.019607843137254943,126.43303170801664,33.23814645544015,2026100522,2026-10-05 22:00
4060032600,20,21.0,sufficient,0.04761904761904767,126.56448532713182,33.242814700183544,2026100522,2026-10-05 22:00
4060083300,22,24.0,sufficient,0.08333333333333337,126.56936392118476,33.2521191082263,2026100522,2026-10-05 22:00
4050338400,23,23.5,sufficient,0.021276595744680882,126.51940953458823,33.51028358306184,2026100522,2026-10-05 22:00
4060048900,34,41.5,sufficient,0.1807228915662651,126.42725238764235,33.2411120815591,2026100522,2026-10-05 22:00
4060032500,20,21.0,sufficient,0.04761904761904767,126.5645343186378,33.24293649271693,2026100522,2026-10-05 22:00
4050602600,21,21.5,sufficient,0.023255813953488413,126.66871469495736,33.54117550525345,2026100522,2026-10-05 22:00
4060082700,3,12.5,sufficient,0.76,126.56936449727029,33.253028607838246,2026100522,2026-10-05 22:00
4050615000,30,41.0,sufficient,0.2682926829268293,126.76023849482328,33.5565186964306,2026100522,2026-10-05 22:00
4050188400,12,27.5,sufficient,0.5636363636363637,126.50981964851246,33.51271511067719,2026100522,2026-10-05 22:00
4060032402,21,22.0,sufficient,0.045454545454545414,126.5639698650923,33.243429240866675,2026100522,2026-10-05 22:00
4060083100,15,17.5,sufficient,0.1428571428571429,126.56908049766812,33.25233034438691,2026100522,2026-10-05 22:00
4050602500,10,11.5,sufficient,0.13043478260869568,126.66957150957202,33.54179495962448,2026100522,2026-10-05 22:00
4060043900,47,50.0,sufficient,0.06000000000000005,126.57631994345232,33.247256929302246,2026100522,2026-10-05 22:00
4060037200,15,15.5,sufficient,0.032258064516129004,126.56172330000086,33.247531659012175,2026100522,2026-10-05 22:00
4050426300,17,23.0,sufficient,0.26086956521739135,126.24390143203172,33.396836836008305,2026100522,2026-10-05 22:00
4050201700,25,30.0,sufficient,0.16666666666666663,126.5099837007442,33.51572062391075,2026100522,2026-10-05 22:00
4050340500,14,18.0,sufficient,0.2222222222222222,126.52960219339242,33.5116546900071,2026100522,2026-10-05 22:00
4050190600,16,22.0,sufficient,0.2727272727272727,126.50841354628966,33.514472392615524,2026100522,2026-10-05 22:00
4060118100,16,19.5,sufficient,0.17948717948717952,126.42709539052996,33.24305374886036,2026100522,2026-10-05 22:00
4060083000,14,17.0,sufficient,0.17647058823529416,126.56895904359988,33.25232412763395,2026100522,2026-10-05 22:00
4050602400,4,8.5,sufficient,0.5294117647058824,126.66968792384095,33.541760998764495,2026100522,2026-10-05 22:00
4050338100,17,25.0,sufficient,0.31999999999999995,126.51805316180888,33.50970557359148,2026100522,2026-10-05 22:00
4050190500,20,21.0,sufficient,0.04761904761904767,126.5083747841556,33.51597589188784,2026100522,2026-10-05 22:00
